# Cats,Product Name,Categories Needed,Admin Edit URL,Product URL,Product ID,Cherry,Blueberry,Mango,Grape,Blue Raspberry,Apple,Watermelon,Candy,Berry,Total Flavours,Qualifying Flavours (evidence)
9,Al Fakher Crown Bar Pro Max 12K Refill Packs,"Cherry, Blueberry, Mango, Grape, Blue Raspberry, Apple, Watermelon, Candy, Berry",Edit ▸,https://www.vapehub.co.uk/al-fakher-crown-bar-pro-max-12k-refills/,306561,✓,✓,✓,✓,✓,✓,✓,✓,✓,38,"Cherry: Blueberry Cherry, Cherry Fusion, Cherry Ice, Lemon Lime Cherry Fizz | Blueberry: Blueberry Cherry, Blueberry Fusion, Blueberry Lemonade, Blueberry Raspberry | Mango: Triple Mango | Grape: Grape, Grape Fizz | Blue Raspberry: Blue Razz Rush, Strawberry Blue Razz | Apple: Double Apple | Watermelon: Strawberry Watermelon, Watermelon, Watermelon Cherry, Watermelon Kiwi | Candy: Candy Orange | Berry: Berry Blast"
9,Bar Juice 5000 Nic Salts,"Cherry, Blueberry, Mango, Grape, Blue Raspberry, Apple, Watermelon, Candy, Berry",Edit ▸,https://www.vapehub.co.uk/bar-juice-5000-nic-salts/,19765,✓,✓,✓,✓,✓,✓,✓,✓,✓,45,"Cherry: Blueberry Cherry Cranberry, Cherry Cola, Fizzy Cherry, Strawberry Cherry Raspberry | Blueberry: Blueberry Cherry Cranberry, Blueberry Pomegranate, Blueberry, Blueberry Sour Raspberry | Mango: Triple Mango | Grape: Grape, Grape Gummy Bear, Grape Blueberry Ice | Blue Raspberry: Blue Razz Lemonade | Apple: Red Apple Ice, Apple peach, Double Apple Shisha | Watermelon: Watermelon, Watermelon Strawberry Kiwi | Candy: Gummy Bear, Grape Gummy Bear | Berry: Berry Crush, Cherry Berry"
9,Crystal Clear Nic Salts E-liquid,"Cherry, Blueberry, Mango, Grape, Blue Raspberry, Apple, Watermelon, Candy, Berry",Edit ▸,https://www.vapehub.co.uk/crystal-clear-nic-salts-e-liquid/,208399,✓,✓,✓,✓,✓,✓,✓,✓,✓,33,"Cherry: Blueberry Cherry Cranberry, Fizzy Cherry, Strawberry Raspberry Cherry Fusion | Blueberry: Blueberry Cherry Cranberry, Blueberry Ice, Blueberry Sour Raspberry | Mango: Pineapple Peach Mango | Grape: Juicy Grape | Blue Raspberry: Blue Razz Lemonade | Apple: Apple peach, Red Apple Ice, Xtreme Sour Apple | Watermelon: Strawberry Watermelon Bubblegum, Strawberry Watermelon Ice | Candy: Gummy Bear, Strawberry Watermelon Bubblegum | Berry: Mixed Berries"
9,Crystal Galaxy Focus 2 Refill Pack,"Cherry, Blueberry, Mango, Grape, Blue Raspberry, Apple, Watermelon, Candy, Berry",Edit ▸,https://www.vapehub.co.uk/crystal-galaxy-focus-2-refill-pack/,323699,✓,✓,✓,✓,✓,✓,✓,✓,✓,30,"Cherry: Cherry Sour Raspberry/Blueberry Cherry Cranberry, Blue Razz Cherry/Blue Razz Lemonade, Cherry Cola/Fizzy Cola, Cherry Lime/Cola Lime | Blueberry: Cherry Sour Raspberry/Blueberry Cherry Cranberry, Blueberry Raspberry/Blueberry Sour Raspberry, Berry Lemonade/Blueberry Bubblegum, Strawberry Raspberry Cherry Ice/Strawberry Raspberry Blueberry | Mango: Mango Peach Pineapple/Triple Mango, Mango Banana/Strawberry Banana | Grape: Fizzy Vim2/Grape Berry, Summer Dream/Sakura Grape | Blue Raspberry: Blue Razz Gummy/White Gummy, Strawberry Raspberry Lemon/Blue Raspberry Lemon, Blue Razz Cherry/Blue Razz Lemonade | Apple: Pear Drop/Apple Peach Pear | Watermelon: Hubba Bubba/Watermelon Ice | Candy: Blue Razz Gummy/White Gummy, Berry Lemonade/Blueberry Bubblegum, Bubblegum Ice/Ice Pop, Rainbow/Gummy Bear | Berry: Fizzy Vim2/Grape Berry, Berry Lemonade/Blueberry Bubblegum"
9,Crystal Pro Max Nic Salts by Hayati,"Cherry, Blueberry, Mango, Grape, Blue Raspberry, Apple, Watermelon, Candy, Berry",Edit ▸,https://www.vapehub.co.uk/the-crystal-pro-max-nic-salts-by-hayati/,11751,✓,✓,✓,✓,✓,✓,✓,✓,✓,52,"Cherry: Blue Razz Cherry, Cherry Cola, Fizzy Cherry, Blueberry Cherry Cranberry | Blueberry: Blueberry Raspberry, Blueberry Cherry Cranberry, Strawberry Raspberry Blueberry, Blueberry Raspberry Lemon | Mango: Mango Peach Pineapple, Triple Mango | Grape: Kiwi Grape Raspberry, Grape GB | Blue Raspberry: Blue Razz Cherry, Blue Razz Lemonade, Blue Razz Gummy Bear | Apple: Double Apple | Watermelon: Strawberry Watermelon, Strawberry Watermelon Bubblegum, Watermelon Ice | Candy: Blue Razz Gummy Bear, Bubblegum Ice, Rocky Candy Orange, Strawberry Watermelon Bubblegum | Berry: Berry Lemonade"
9,Elux Legend Nic Salt E-Liquid,"Cherry, Blueberry, Mango, Grape, Blue Raspberry, Apple, Watermelon, Candy, Berry",Edit ▸,https://www.vapehub.co.uk/elux-legend-nic-salts/,21392,✓,✓,✓,✓,✓,✓,✓,✓,✓,50,"Cherry: Blueberry Cherry Cranberry, Cherry Ice, Fizzy Cherry, Cherry Lime | Blueberry: Blueberry Cherry Cranberry, Blueberry Raspberry, Blueberry Sour Raspberry, Blueberry Bubblegum | Mango: Triple Mango | Grape: Grape Berry, Grape, Grape Gummy Bear | Blue Raspberry: Blue Razz Gummy, Blue Razz Cherry | Apple: Apple peach, Double Apple | Watermelon: Strawberry Watermelon Bubblegum, Watermelon Ice, Raspberry Watermelon | Candy: Gummy Bear, Strawberry Watermelon Bubblegum, Blueberry Bubblegum, Blue Razz Gummy | Berry: Berry Lemonade, Grape Berry"
9,Hayati Pro Max Plus 6000 Puffs Pod Kit,"Cherry, Blueberry, Mango, Grape, Blue Raspberry, Apple, Watermelon, Candy, Berry",Edit ▸,https://www.vapehub.co.uk/hayati-pro-max-plus/,246428,✓,✓,✓,✓,✓,✓,✓,✓,✓,55,"Cherry: Blue Razz Cherry, Blueberry Cherry Cranberry, Cherry Berry, Cherry Cola | Blueberry: Blueberry Cherry Cranberry, Blueberry Raspberry, Strawberry Raspberry Blueberry, NEW - Blueberry Pomegranate | Mango: Triple Mango | Grape: NEW - Grape GB, Sakura Grape, Grape Berry | Blue Raspberry: Blue Razz Cherry, Blue Razz Gummy Bear, Blue Razz Lemonade, NEW - Blue Razz Blackcurrant | Apple: Red Apple Ice, Double Apple | Watermelon: Strawberry Watermelon, Watermelon Ice | Candy: Blue Razz Gummy Bear | Berry: Cherry Berry, Grape Berry"
8,Al Fakher 30K Hypermax Pods,"Cherry, Blueberry, Mango, Grape, Blue Raspberry, Apple, Watermelon, Berry",Edit ▸,https://www.vapehub.co.uk/al-fakher-30k-hypermax-pods/,346381,✓,✓,✓,✓,✓,✓,✓,,✓,45,"Cherry: Blueberry Cherry, Cherry Fiesta, Cherry Fizz, Cherry Ice | Blueberry: Blueberry Cherry, Blueberry Gum, Blueberry Lemonade, Blueberry Mint | Mango: Cool Mango, Mango Love, Mango Pineapple | Grape: Grape, Grape Berry, Grape Mint | Blue Raspberry: Blue Razz Blast, Blue Razz Lemonade | Apple: Two Apple | Watermelon: Watermelon Cherry, Watermelon Kiwi, Watermelon Lime, Watermelon Pineapple | Berry: Berry Blue, Berry Ice, Grape Berry, Mixed Berry"
8,Al Fakher 30K Hypermax Vape Kit,"Cherry, Blueberry, Mango, Grape, Blue Raspberry, Apple, Watermelon, Berry",Edit ▸,https://www.vapehub.co.uk/al-fakher-30k-hypermax-vape-kit/,307772,✓,✓,✓,✓,✓,✓,✓,,✓,45,"Cherry: Blueberry Cherry, Cherry Fiesta, Cherry Fizz, Cherry Ice | Blueberry: Blueberry Cherry, Blueberry Gum, Blueberry Lemonade, Blueberry Mint | Mango: Cool Mango, Mango Pineapple | Grape: Grape, Grape Berry, Grape Mint | Blue Raspberry: Blue Razz Blast, Blue Razz Lemonade | Apple: Two Apple | Watermelon: Watermelon Cherry, Watermelon Kiwi, Watermelon Lime, Watermelon Pineapple | Berry: Berry Blue, Berry Ice, Grape Berry, Mixed Berry"
8,Crystal Galaxy Focus 2 30K Vape Kit,"Cherry, Blueberry, Mango, Grape, Blue Raspberry, Watermelon, Candy, Berry",Edit ▸,https://www.vapehub.co.uk/crystal-galaxy-focus-2-30k-vape-kit/,304913,✓,✓,✓,✓,✓,,✓,✓,✓,23,"Cherry: Blue Razz Cherry/Blue Razz Lemonade, Cherry Sour Raspberry/Blueberry Cherry Cranberry, Cherry Lime/Cola Lime, Cherry Cola/Fizzy Cola | Blueberry: Blueberry Raspberry/Blueberry Sour Raspberry, Cherry Sour Raspberry/Blueberry Cherry Cranberry, Berry Lemonade/Blueberry Bubblegum, Strawberry Raspberry Cherry Ice/Strawberry Raspberry Blueberry | Mango: Mango Banana/Strawberry Banana | Grape: Summer Dream/Sakura Grape | Blue Raspberry: Blue Razz Cherry/Blue Razz Lemonade, Blue Razz Gummy/White Gummy, Strawberry Raspberry Lemon/Blue Raspberry Lemon | Watermelon: Strawberry Watermelon Bubblegum/Strawberry Raspberry Bubblegum, Hubba Bubba/Watermelon Ice | Candy: Blue Razz Gummy/White Gummy, Strawberry Watermelon Bubblegum/Strawberry Raspberry Bubblegum, Berry Lemonade/Blueberry Bubblegum | Berry: Berry Lemonade/Blueberry Bubblegum"
8,Elfliq Nic Salts E-liquids By Elf Bar,"Cherry, Blueberry, Mango, Grape, Blue Raspberry, Apple, Watermelon, Candy",Edit ▸,https://www.vapehub.co.uk/elfliq-nic-salts-by-elf-bar/,21666,✓,✓,✓,✓,✓,✓,✓,✓,,40,"Cherry: Cherry, Cherry Cola, Strawberry Raspberry Cherry Ice, Blueberry Cherry Cranberry | Blueberry: Blueberry, Blueberry Sour Raspberry, Blueberry Cherry Cranberry | Mango: Mango, Pineapple Mango Orange | Grape: Grape | Blue Raspberry: Blue Razz Lemonade, Blue Razz Cherry | Apple: Apple peach, Sour Apple | Watermelon: Watermelon, Strawberry Watermelon | Candy: Cotton Candy Ice"
8,Elux Firerose 5000 Nic Salts,"Cherry, Blueberry, Mango, Blue Raspberry, Apple, Watermelon, Candy, Berry",Edit ▸,https://www.vapehub.co.uk/firerose-5000-nic-salts-by-elux/,72563,✓,✓,✓,,✓,✓,✓,✓,✓,20,"Cherry: Cherry Cola, Cherry Sours | Blueberry: Blueberry Pomegranate | Mango: Pineapple Peach Mango | Blue Raspberry: Blue Razz Gummy, Blue Razz Lemonade | Apple: Apple Berry Blast | Watermelon: Strawberry Watermelon Bubblegum | Candy: Blue Razz Gummy, Bubblegum Airways, Fizzy Gummy, Strawberry Watermelon Bubblegum | Berry: Berry Bang, Apple Berry Blast"
8,Fumot T9000 Pro Max Pods,"Cherry, Blueberry, Mango, Grape, Blue Raspberry, Watermelon, Candy, Berry",Edit ▸,https://www.vapehub.co.uk/fumot-t9000-pro-max-pods/,357884,✓,✓,✓,✓,✓,,✓,✓,✓,25,"Cherry: Blueberry Cherry Cranberry, Cherry Berry, Cherry Cola, Cherry Ice | Blueberry: Blueberry Cherry Cranberry, Blueberry On Ice, Blueberry Raspberry | Mango: Peachy Mango Pineapple | Grape: Grape Ice | Blue Raspberry: Blue Razz Ice | Watermelon: Strawberry Watermelon, Strawberry Watermelon Bubblegum, Watermelon Ice | Candy: Strawberry Watermelon Bubblegum | Berry: Cherry Berry, Mixed Berries, Peach Berry"
8,Hayati Mini Ultra Pods,"Cherry, Blueberry, Mango, Grape, Blue Raspberry, Apple, Watermelon, Berry",,https://www.vapehub.co.uk/hayati-mini-ultra-pods/,,✓,✓,✓,✓,✓,✓,✓,,✓,30,"Cherry: Blue Razz Cherry, Cherry Berry, Cherry Ice, Straw' Cranberry Cherry | Blueberry: Blueberry Cotton K, Blueberry Raspberry, Blueberry Raspberry Menthol, Blueberry Straw' Menthol | Mango: Peach Mango | Grape: Grape GB | Blue Raspberry: Blue Razz Cherry, Blue Razz GB, Blue Razz Pineapple | Apple: Sour Apple | Watermelon: Straw' Watermelon B'Gum | Berry: Cherry Berry, Dragon Berries"
8,Hayati Mini Ultra Vape Kit,"Cherry, Blueberry, Mango, Grape, Blue Raspberry, Apple, Watermelon, Berry",Edit ▸,https://www.vapehub.co.uk/hayati-mini-ultra-disposable-vape/,222005,✓,✓,✓,✓,✓,✓,✓,,✓,20,"Cherry: Blue Razz Cherry, Cherry Berry, Cherry Ice/Peach Mango, Straw' Cranberry Cherry/Cherry Ice | Blueberry: Blueberry Cotton K/Raspberry Cotton K, Blueberry Raspberry, Blueberry Straw' Menthol/Blueberry Raspberry Menthol | Mango: Cherry Ice/Peach Mango | Grape: Grape GB/Strawberry GB | Blue Raspberry: Blue Razz Cherry, Blue Razz GB, Blue Razz Pineapple/Strawberry Ice | Apple: Sour Apple/Juicy Peach | Watermelon: Fruit Bomb/Straw' Watermelon B'Gum | Berry: Cherry Berry, Straw' Guava/Dragon Berries"
8,Hayati Pro Max Plus Pods,"Cherry, Blueberry, Mango, Grape, Blue Raspberry, Apple, Watermelon, Berry",Edit ▸,https://www.vapehub.co.uk/hayati-pro-max-plus-pods/,308335,✓,✓,✓,✓,✓,✓,✓,,✓,55,"Cherry: Blue Razz Cherry, Blueberry Cherry Cranberry, Cherry Berry, Cherry Cola | Blueberry: Blueberry Cherry Cranberry, Blueberry Raspberry, Strawberry Raspberry Blueberry, NEW - Blueberry Pomegranate | Mango: Triple Mango | Grape: NEW - Grape GB, Sakura Grape, Grape Berry | Blue Raspberry: Blue Razz Cherry, Blue Razz GB, Blue Razz Lemonade, NEW - Blue Razz Blackcurrant | Apple: Red Apple Ice, Double Apple | Watermelon: Strawberry Watermelon, Watermelon Ice | Berry: Cherry Berry, Grape Berry"
8,Hayati Pro Ultra Plus 25000 Prefilled Pod Kit,"Cherry, Blueberry, Mango, Grape, Blue Raspberry, Apple, Watermelon, Berry",Edit ▸,https://www.vapehub.co.uk/hayati-pro-ultra-plus-25000/,263363,✓,✓,✓,✓,✓,✓,✓,,✓,35,"Cherry: Blue Razz Cherry, Cherry Berry, Straw' Cranberry Cherry/Cherry Ice, Cherry Ice/Peach Mango | Blueberry: Blueberry Cotton K/Raspberry Cotton K, Blueberry H'Bubba/Watermelon H'Bubba, Blueberry Raspberry, Blueberry Raspberry/Mr Blue | Mango: Cherry Ice/Peach Mango | Grape: Grape GB/Strawberry GB | Blue Raspberry: Blackcurrant Cotton K/Blue Raspberry, Blue Razz Cherry, Blue Razz GB, Blue Razz Pineapple/Strawberry Ice | Apple: Sour Apple/Juicy Peach | Watermelon: Blueberry H'Bubba/Watermelon H'Bubba, Strawberry Watermelon, Watermelon B'Gum/Strawberry B'Gum, Watermelon Fruit Twist | Berry: Cherry Berry, Straw' Guava/Dragon Berries"
8,Hayati Pro Ultra Plus Pods,"Cherry, Blueberry, Mango, Grape, Blue Raspberry, Apple, Watermelon, Berry",Edit ▸,https://www.vapehub.co.uk/hayati-pro-ultra-plus-pods/,308952,✓,✓,✓,✓,✓,✓,✓,,✓,35,"Cherry: Blue Razz Cherry, Cherry Berry, Straw' Cranberry Cherry/Cherry Ice, Cherry Ice/Peach Mango | Blueberry: Blueberry Cotton K/Raspberry Cotton K, Blueberry H'Bubba/Watermelon H'Bubba, Blueberry Raspberry, Blueberry Raspberry/Mr Blue | Mango: Cherry Ice/Peach Mango | Grape: Grape GB/Strawberry GB | Blue Raspberry: Blackcurrant Cotton K/Blue Raspberry, Blue Razz Cherry, Blue Razz GB, Blue Razz Pineapple/Strawberry Ice | Apple: Sour Apple/Juicy Peach | Watermelon: Blueberry H'Bubba/Watermelon H'Bubba, Strawberry Watermelon, Watermelon B'Gum/Strawberry B'Gum, Watermelon Fruit Twist | Berry: Cherry Berry, Straw' Guava/Dragon Berries"
8,Hyola Pro Max 8000 Prefilled Pod Kit,"Cherry, Blueberry, Mango, Blue Raspberry, Apple, Watermelon, Candy, Berry",Edit ▸,https://www.vapehub.co.uk/hyola-pro-max-8000-prefilled-pod-kit/,294438,✓,✓,✓,,✓,✓,✓,✓,✓,24,"Cherry: Blue Cherry Burst, Cherry Ice, Cherry Lemonade, Sour Apple Cherry | Blueberry: Blueberry Raspberry | Mango: Triple Mango | Blue Raspberry: Blue Razz Gummy Bear | Apple: Sour Apple Cherry | Watermelon: Watermelon | Candy: Blue Razz Gummy Bear | Berry: Berry Lemonade"
8,Hyola Pro Max 8000 Refill Pack,"Cherry, Blueberry, Mango, Blue Raspberry, Apple, Watermelon, Candy, Berry",Edit ▸,https://www.vapehub.co.uk/hyola-pro-max-8000-refill-pack/,294583,✓,✓,✓,,✓,✓,✓,✓,✓,24,"Cherry: Blue Cherry Burst, Cherry Ice, Cherry Lemonade, Sour Apple Cherry | Blueberry: Blueberry Raspberry | Mango: Triple Mango | Blue Raspberry: Blue Razz Gummy Bear, Strawberry Blue Razz | Apple: Sour Apple Cherry | Watermelon: Watermelon | Candy: Blue Razz Gummy Bear | Berry: Berry Lemonade"
8,IVG SAVR Prefilled Pod Kit,"Cherry, Blueberry, Mango, Grape, Blue Raspberry, Apple, Watermelon, Berry",Edit ▸,https://www.vapehub.co.uk/ivg-savr-prefilled-pod-kit/,261286,✓,✓,✓,✓,✓,✓,✓,,✓,30,"Cherry: Blue Razz Cherry, Cherry Ice, Fizzy Cherry, Strawberry Raspberry Cherry | Blueberry: Blueberry, Blueberry Raspberry | Mango: Mango | Grape: Grape Ice | Blue Raspberry: Blue Raspberry Ice, Blue Razz Cherry, Blue Razz Lemonade | Apple: Double Apple | Watermelon: Strawberry Watermelon, Watermelon Ice | Berry: Berry Ice"
8,IVG SAVR Prefilled Pods and Refill Containers,"Cherry, Blueberry, Mango, Grape, Blue Raspberry, Apple, Watermelon, Berry",Edit ▸,https://www.vapehub.co.uk/ivg-savr-prefilled-pods-refill-containers/,261406,✓,✓,✓,✓,✓,✓,✓,,✓,28,"Cherry: Blue Razz Cherry, Cherry Ice, Fizzy Cherry, Strawberry Raspberry Cherry | Blueberry: Blueberry, Blueberry Raspberry | Mango: Mango | Grape: Grape Ice | Blue Raspberry: Blue Raspberry Ice, Blue Razz Cherry, Blue Razz Lemonade | Apple: Double Apple | Watermelon: Strawberry Watermelon, Watermelon Ice | Berry: Berry Ice"
8,Lost Mary 4In1 Pods,"Cherry, Blueberry, Mango, Grape, Blue Raspberry, Apple, Watermelon, Berry",,https://www.vapehub.co.uk/lost-mary-4in1-pods/,,✓,✓,✓,✓,✓,✓,✓,,✓,16,"Cherry: Blue Razz Cherry, Cherry Ice | Blueberry: Blueberry, Blueberry Sour Raspberry | Mango: Triple Mango | Grape: Grape | Blue Raspberry: Blue Razz Cherry | Apple: Berry Apple Peach, Double Apple | Watermelon: Watermelon Ice | Berry: Berry Apple Peach"
8,Lost Mary BM600 Prefilled Pod Kit,"Cherry, Blueberry, Mango, Grape, Blue Raspberry, Apple, Watermelon, Berry",Edit ▸,https://www.vapehub.co.uk/lost-mary-bm600-prefilled-pod-kit/,255094,✓,✓,✓,✓,✓,✓,✓,,✓,24,"Cherry: Cherry Ice, Blue Razz Cherry, Cherry Peach Lemonade | Blueberry: Blueberry, Blueberry Sour Raspberry | Mango: Triple Mango | Grape: Grape, Sakura Grape | Blue Raspberry: Blue Razz Ice, Blue Razz Cherry | Apple: Double Apple, Red Apple Ice | Watermelon: Watermelon Ice | Berry: Triple Berry Ice"
8,Lost Mary BM600 Prefilled Pods,"Cherry, Blueberry, Mango, Grape, Blue Raspberry, Apple, Watermelon, Berry",Edit ▸,https://www.vapehub.co.uk/lost-mary-bm600-prefilled-pods/,290156,✓,✓,✓,✓,✓,✓,✓,,✓,27,"Cherry: Blue Razz Cherry, Cherry Ice, Cherry Peach Lemonade | Blueberry: Blueberry Sour Raspberry | Mango: Triple Mango | Grape: Grape, Sakura Grape | Blue Raspberry: Blue Razz Cherry, Blue Razz Ice | Apple: Blackcurrant Apple, Double Apple, Red Apple Ice | Watermelon: Watermelon Ice | Berry: Triple Berry Ice"
8,Lost Mary BM6000 Prefilled Pod Kit,"Cherry, Blueberry, Mango, Grape, Blue Raspberry, Apple, Watermelon, Berry",Edit ▸,https://www.vapehub.co.uk/lost-mary-bm6000-prefilled-pod-kit/,321177,✓,✓,✓,✓,✓,✓,✓,,✓,36,"Cherry: Blueberry Cherry Cranberry, Cherry Cola, Cherry Ice, Cherry Peach Lemonade | Blueberry: Acai Berry Blueberry, Blueberry, Blueberry Cherry Cranberry, Blueberry Sour Raspberry | Mango: Mango, Triple Mango | Grape: Grape, Summer Grape | Blue Raspberry: Blue Razz Gami, Blue Razz Lemonade | Apple: Double Apple | Watermelon: Strawberry Watermelon, Watermelon Ice | Berry: Acai Berry Blueberry, Triple Berry"
8,Lost Mary BM6000 Refill Pack,"Cherry, Blueberry, Mango, Grape, Blue Raspberry, Apple, Watermelon, Berry",Edit ▸,https://www.vapehub.co.uk/lost-mary-bm6000-refill-pack/,290669,✓,✓,✓,✓,✓,✓,✓,,✓,34,"Cherry: Cherry Ice, Fizzy Cherry, Cherry Peach Lemonade, Blueberry Cherry Cranberry | Blueberry: Blueberry, Blueberry Sour Raspberry, Blueberry Cherry Cranberry | Mango: Triple Mango | Grape: Grape | Blue Raspberry: Blue Razz Lemonade | Apple: Double Apple, Blackcurrant Apple | Watermelon: Watermelon Ice, Strawberry Watermelon | Berry: Triple Berry"
7,Aura Bar 10k Vape Kit by Crystal Prime,"Cherry, Blueberry, Blue Raspberry, Apple, Watermelon, Candy, Berry",Edit ▸,https://www.vapehub.co.uk/aura-bar-10k-by-crystal-prime/,249812,✓,✓,,,✓,✓,✓,✓,✓,24,"Cherry: Blue Razz Cherry, Blueberry Cherry Cranberry, Cherry Berry, Fizzy Cherry | Blueberry: Blueberry Cherry Cranberry, Blueberry Raspberry | Blue Raspberry: Blue Razz Cherry, Blue Razz Gummy Bear | Apple: Two Apple | Watermelon: Strawberry Watermelon | Candy: Blue Razz Gummy Bear, Strawberry Gummy Bear | Berry: Berry Blaze, Cherry Berry, Red Berries"
7,Crystal Prime Aura Bar 10K Prefilled Pods,"Cherry, Blueberry, Blue Raspberry, Apple, Watermelon, Candy, Berry",Edit ▸,https://www.vapehub.co.uk/crystal-prime-aura-bar-10k-prefilled-pods/,327354,✓,✓,,,✓,✓,✓,✓,✓,25,"Cherry: Blue Razz Cherry, Blueberry Cherry Cranberry, Cherry Berry, Cherry Plum | Blueberry: Blueberry Cherry Cranberry, Blueberry Raspberry, Blueberry Sour Raspberry | Blue Raspberry: Blue Razz Cherry, Blue Razz Gummy Bear | Apple: Two Apple | Watermelon: Strawberry Watermelon | Candy: Blue Razz Gummy Bear, Strawberry Gummy Bear | Berry: Berry Blaze, Cherry Berry, Red Berries"
7,Crystal Pro CP 10K Prefilled Pod Kit,"Cherry, Blueberry, Blue Raspberry, Apple, Watermelon, Candy, Berry",Edit ▸,https://www.vapehub.co.uk/crystal-pro-cp-10k-prefilled-pod-kit/,321659,✓,✓,,,✓,✓,✓,✓,✓,20,"Cherry: Blue Razz Cherry, Cherry Berry, Cherry Cola, Cherry Ice | Blueberry: Blueberry Raspberry | Blue Raspberry: Blue Razz Cherry, Blue Razz Gummy Bear | Apple: Double Apple | Watermelon: Watermelon Ice | Candy: Blue Razz Gummy Bear, Gummy Bear | Berry: Cherry Berry, Juicy Raspberries"
7,Crystal Pro CP 10K Refill Pack,"Cherry, Blueberry, Blue Raspberry, Apple, Watermelon, Candy, Berry",Edit ▸,https://www.vapehub.co.uk/crystal-pro-cp-10k-refill-pack/,323770,✓,✓,,,✓,✓,✓,✓,✓,20,"Cherry: Blue Razz Cherry, Cherry Berry, Cherry Cola, Cherry Ice | Blueberry: Blueberry Raspberry | Blue Raspberry: Blue Razz Cherry, Blue Razz Gummy Bear | Apple: Double Apple | Watermelon: Watermelon Ice | Candy: Blue Razz Gummy Bear, Gummy Bear | Berry: Cherry Berry, Juicy Raspberries"
7,Crystal Pro Switch 30K Pods,"Cherry, Blueberry, Blue Raspberry, Apple, Watermelon, Candy, Berry",Edit ▸,https://www.vapehub.co.uk/crystal-pro-switch-30k-pods/,340091,✓,✓,,,✓,✓,✓,✓,✓,20,"Cherry: Blue Razz Gummy Bear/Blue Razz Cherry Ice, Blueberry Cherry Cranberry/Blueberry Kiwi, Cherry Berry/Fruit Bomb, Fizzy Cherry/Cherry Ice | Blueberry: Blueberry Cherry Cranberry/Blueberry Kiwi, Blueberry Cotton Candy/Raspberry Cotton Candy, Blueberry Raspberry, Blueberry Raspberry/Blue Sour Raspberry | Blue Raspberry: Blue Razz Gummy Bear, Blue Razz Gummy Bear/Blue Razz Cherry Ice | Apple: Red Apple Ice/Summer Dream | Watermelon: Watermelon Ice/Watermelon Bubblegum | Candy: Blue Razz Gummy Bear, Blue Razz Gummy Bear/Blue Razz Cherry Ice, Blueberry Cotton Candy/Raspberry Cotton Candy, Gummy Bear/Hubba Bubba | Berry: Cherry Berry/Fruit Bomb, Juicy Peach/Juicy Raspberries"
7,Crystal Pro Switch 30K Prefilled Pod Kit,"Cherry, Blueberry, Blue Raspberry, Apple, Watermelon, Candy, Berry",Edit ▸,https://www.vapehub.co.uk/crystal-pro-switch-30k-pod-vape-kit/,303531,✓,✓,,,✓,✓,✓,✓,✓,20,"Cherry: Blue Razz Gummy Bear/Blue Razz Cherry Ice, Blueberry Cherry Cranberry/Blueberry Kiwi, Cherry Berry/Fruit Bomb, Fizzy Cherry/Cherry Ice | Blueberry: Blueberry Cherry Cranberry/Blueberry Kiwi, Blueberry Cotton Candy/Raspberry Cotton Candy, Blueberry Raspberry, Blueberry Raspberry/Blue Sour Raspberry | Blue Raspberry: Blue Razz Gummy Bear, Blue Razz Gummy Bear/Blue Razz Cherry Ice | Apple: Red Apple Ice/Summer Dream | Watermelon: Watermelon Ice/Watermelon Bubblegum | Candy: Blue Razz Gummy Bear, Blue Razz Gummy Bear/Blue Razz Cherry Ice, Blueberry Cotton Candy/Raspberry Cotton Candy, Gummy Bear/Hubba Bubba | Berry: Cherry Berry/Fruit Bomb, Juicy Peach/Juicy Raspberries"
7,Elf Bar 600 Prefilled Pod Kit,"Cherry, Blueberry, Mango, Grape, Blue Raspberry, Apple, Watermelon",Edit ▸,https://www.vapehub.co.uk/elf-bar-600-prefilled-pod-kit/,255748,✓,✓,✓,✓,✓,✓,✓,,,18,"Cherry: Cherry Cola, Cherry Ice, Strawberry Raspberry Cherry Ice | Blueberry: Blueberry, Blueberry Raspberry, Blueberry Sour Raspberry | Mango: Mango | Grape: Grape | Blue Raspberry: Blue Razz Lemonade | Apple: Apple peach | Watermelon: Watermelon"
7,Elf Bar 600 Prefilled Pods,"Cherry, Blueberry, Mango, Grape, Blue Raspberry, Apple, Watermelon",Edit ▸,https://www.vapehub.co.uk/elf-bar-600-prefilled-pods/,307847,✓,✓,✓,✓,✓,✓,✓,,,17,"Cherry: Cherry Cola, Cherry Ice, Strawberry Raspberry Cherry Ice | Blueberry: Blueberry, Blueberry Sour Raspberry | Mango: Mango | Grape: Grape | Blue Raspberry: Blue Razz Lemonade | Apple: Apple peach | Watermelon: Watermelon"
7,Elux ENE Legend 15K Pods,"Cherry, Blueberry, Mango, Grape, Watermelon, Candy, Berry",Edit ▸,https://www.vapehub.co.uk/elux-ene-legend-15k-pods/,360133,✓,✓,✓,✓,,,✓,✓,✓,20,"Cherry: Blueberry Cherry Cranberry, Cherry Sour Raspberry, Fizzy Cherry, Strawberry Raspberry Cherry | Blueberry: Blueberry Cherry Cranberry, Blueberry Raspberry, Blueberry Sour Raspberry | Mango: Triple Mango | Grape: Grape Berry, Grape | Watermelon: Watermelon Ice | Candy: Gummy Bear | Berry: Grape Berry"
7,Elux ENE Legend 15K Prefilled Pod Kit,"Cherry, Blueberry, Mango, Grape, Watermelon, Candy, Berry",Edit ▸,https://www.vapehub.co.uk/elux-ene-legend-15k-prefilled-pod-kit/,360432,✓,✓,✓,✓,,,✓,✓,✓,20,"Cherry: Cherry Ice, Blueberry Cherry Cranberry, Cherry Sour Raspberry, Fizzy Cherry | Blueberry: Blueberry Raspberry, Blueberry Sour Raspberry, Blueberry Cherry Cranberry | Mango: Triple Mango | Grape: Grape Berry, Grape | Watermelon: Watermelon Ice | Candy: Gummy Bear | Berry: Grape Berry"
7,Feoba Pro Plus 10K Prefilled Pod Kit,"Cherry, Blueberry, Mango, Grape, Blue Raspberry, Watermelon, Candy",Edit ▸,https://www.vapehub.co.uk/feoba-pro-plus-10k-prefilled-pod-kit/,378856,✓,✓,✓,✓,✓,,✓,✓,,20,"Cherry: Blue Razz Cherry, Fizzy Cherry, Cherry Ice | Blueberry: Blueberry Sour Raspberry | Mango: Triple Mango | Grape: Grape Ice | Blue Raspberry: Blue Razz Cherry, Blue Razz Lemonade, Blue Razz Gummy | Watermelon: Watermelon Ice | Candy: Blue Razz Gummy"
7,Feoba Pro Plus 10K Prefilled Pods,"Cherry, Blueberry, Mango, Grape, Blue Raspberry, Watermelon, Candy",Edit ▸,https://www.vapehub.co.uk/feoba-pro-plus-10k-prefilled-pods/,378857,✓,✓,✓,✓,✓,,✓,✓,,20,"Cherry: Blue Razz Cherry, Fizzy Cherry, Cherry Ice | Blueberry: Blueberry Sour Raspberry | Mango: Triple Mango | Grape: Grape Ice | Blue Raspberry: Blue Razz Cherry, Blue Razz Lemonade, Blue Razz Gummy | Watermelon: Watermelon Ice | Candy: Blue Razz Gummy"
7,Fumot T9000 Pro Max Prefilled Pod Kit,"Cherry, Blueberry, Mango, Grape, Watermelon, Candy, Berry",Edit ▸,https://www.vapehub.co.uk/fumot-t9000-pro-max-prefilled-pod-kit/,304415,✓,✓,✓,✓,,,✓,✓,✓,21,"Cherry: Blueberry Cherry Cranberry, Cherry Ice, Cherry Berry, Cherry Cola | Blueberry: Blueberry Cherry Cranberry, Blueberry Raspberry, Blueberry On Ice | Mango: Peachy Mango Pineapple | Grape: Grape Ice | Watermelon: Strawberry Watermelon, Strawberry Watermelon Bubblegum, Watermelon Ice | Candy: Strawberry Watermelon Bubblegum | Berry: Mixed Berries, Peach Berry, Cherry Berry"
7,Fumot Ultra T32000 Vape Kit,"Cherry, Blueberry, Mango, Grape, Blue Raspberry, Watermelon, Candy",Edit ▸,https://www.vapehub.co.uk/fumot-ultra-t32000-vape-kit/,307649,✓,✓,✓,✓,✓,,✓,✓,,16,"Cherry: Blackcurrant Lemonade/Cherry Cola, Blueberry Cherry Cranberry/Cherry Ice | Blueberry: Blue Razz Ice/Blueberry Raspberry, Blueberry Cherry Cranberry/Cherry Ice, Blueberry Hubba Bubba/Watermelon Hubba Bubba, Dr Blue/Blueberry Sour Raspberry | Mango: Triple Mango/Juicy Peach | Grape: Grape Ice/Strawberry Ice, Grape Raindrop/Straw' Rainbow Drop | Blue Raspberry: Blue Razz Ice/Blueberry Raspberry, Blue Razz Lemonade/Pink Lemonade | Watermelon: Blueberry Hubba Bubba/Watermelon Hubba Bubba, Fruit Bomb/Strawberry Watermelon, Watermelon Ice/Raspberry Watermelon | Candy: Lucid Dream/Rainbow Candy"
7,Ghost Pro 8000+ Pods,"Cherry, Blueberry, Mango, Grape, Watermelon, Candy, Berry",Edit ▸,https://www.vapehub.co.uk/ghost-pro-8000-pods/,332556,✓,✓,✓,✓,,,✓,✓,✓,32,"Cherry: Blueberry Raspberry Cherry, Cherry Berry, Cherry Cola, Cherry Watermelon Freeze | Blueberry: Blueberry Pomegranate, Blueberry Raspberry Cherry | Mango: Peach Mango, Triple Mango | Grape: Sweet Green Grape | Watermelon: Cherry Watermelon Freeze, Watermelon Ice, Watermelon Lemon Blackberry | Candy: Sweet Lemon Sherbet | Berry: Berry Burst, Cherry Berry"
7,Ghost Pro 8000+ Prefilled Pod Kit,"Cherry, Blueberry, Mango, Grape, Watermelon, Candy, Berry",Edit ▸,https://www.vapehub.co.uk/ghost-pro-8000-prefilled-pod-kit/,330882,✓,✓,✓,✓,,,✓,✓,✓,32,"Cherry: Blueberry Raspberry Cherry, Cherry Berry, Cherry Cola, Cherry Watermelon Freeze | Blueberry: Blueberry Pomegranate, Blueberry Raspberry Cherry | Mango: Peach Mango, Triple Mango | Grape: Sweet Green Grape | Watermelon: Cherry Watermelon Freeze, Watermelon Ice, Watermelon Lemon Blackberry | Candy: Sweet Lemon Sherbet | Berry: Berry Burst, Cherry Berry"
7,Hayati Finebar Prefilled Pod Kits,"Cherry, Blueberry, Mango, Blue Raspberry, Apple, Watermelon, Berry",Edit ▸,https://www.vapehub.co.uk/hayati-finebar-prefilled-pod-kits/,372736,✓,✓,✓,,✓,✓,✓,,✓,30,"Cherry: Blue Razz Cherry, Blueberry Cherry Cranberry, Cherry Berry, Cherry Cola | Blueberry: Blueberry Cherry Cranberry, Blueberry Raspberry, Strawberry Raspberry Blueberry | Mango: Triple Mango | Blue Raspberry: Blue Razz Cherry, Blue Razz GB, Blue Razz Lemonade | Apple: Red Apple Ice | Watermelon: Strawberry Watermelon, Watermelon Ice | Berry: Cherry Berry"
7,Hayati Finebar Prefilled Pods,"Cherry, Blueberry, Mango, Blue Raspberry, Apple, Watermelon, Berry",Edit ▸,https://www.vapehub.co.uk/hayati-finebar-prefilled-pods/,372912,✓,✓,✓,,✓,✓,✓,,✓,30,"Cherry: Blue Razz Cherry, Blueberry Cherry Cranberry, Cherry Berry, Cherry Cola | Blueberry: Blueberry Cherry Cranberry, Blueberry Raspberry, Strawberry Raspberry Blueberry | Mango: Triple Mango | Blue Raspberry: Blue Razz Cherry, Blue Razz GB, Blue Razz Lemonade | Apple: Red Apple Ice | Watermelon: Strawberry Watermelon, Watermelon Ice | Berry: Cherry Berry"
7,Hayati Pro Max E-Liquid 100ml 50/50,"Cherry, Blueberry, Mango, Blue Raspberry, Apple, Watermelon, Candy",Edit ▸,https://www.vapehub.co.uk/hayati-pro-max-e-liquid-100ml-50-50/,164726,✓,✓,✓,,✓,✓,✓,✓,,20,"Cherry: Blue Razz Cherry, Blueberry Cherry Cranberry, Fizzy Cherry | Blueberry: Blueberry Cherry Cranberry, Blueberry Raspberry | Mango: Triple Mango | Blue Raspberry: Blue Razz Cherry, Blue Razz Gummy Bear | Apple: Red Apple Ice | Watermelon: Watermelon Ice, Watermelon Lemon Burst | Candy: Blue Razz Gummy Bear"
7,Hayati Pro Max E-Liquid 100ml 70/30,"Cherry, Blueberry, Mango, Blue Raspberry, Apple, Watermelon, Candy",Edit ▸,https://www.vapehub.co.uk/hayati-pro-max-e-liquid-100ml/,125477,✓,✓,✓,,✓,✓,✓,✓,,20,"Cherry: Blue Razz Cherry, Blueberry Cherry Cranberry, Fizzy Cherry | Blueberry: Blueberry Cherry Cranberry, Blueberry Raspberry | Mango: Triple Mango | Blue Raspberry: Blue Razz Cherry, Blue Razz Gummy Bear | Apple: Red Apple Ice | Watermelon: Watermelon Ice, Watermelon Lemon Burst | Candy: Blue Razz Gummy Bear"
7,Hayati Pro Max S1 Pod Kit,"Cherry, Blueberry, Mango, Blue Raspberry, Apple, Watermelon, Berry",Edit ▸,https://www.vapehub.co.uk/hayati-pro-max-s1-pod-kit/,370560,✓,✓,✓,,✓,✓,✓,,✓,30,"Cherry: Blueberry Cherry Cranberry, Blue Razz Cherry, Cherry Cola, Fizzy Cherry | Blueberry: Blueberry Cherry Cranberry, Blueberry Raspberry, Strawberry Raspberry Blueberry | Mango: Triple Mango | Blue Raspberry: Blue Razz Cherry, Blue Razz Lemonade, Blue Razz GB | Apple: Red Apple Ice | Watermelon: Watermelon Ice, Strawberry Watermelon | Berry: Cherry Berry"
7,Hayati Rubik 7000 Vape Kit,"Cherry, Blueberry, Mango, Blue Raspberry, Apple, Watermelon, Candy",Edit ▸,https://www.vapehub.co.uk/hayati-rubik-disposable-vape-kit/,253843,✓,✓,✓,,✓,✓,✓,✓,,20,"Cherry: Blue Razz Cherry, Blueberry Cherry Cranberry | Blueberry: Blueberry Cherry Cranberry, Blueberry Raspberry | Mango: Triple Mango Milk Shake | Blue Raspberry: Blue Razz Cherry, Blue Razz Gummy Bear | Apple: Red Apple Ice | Watermelon: Watermelon Ice | Candy: Blue Razz Gummy Bear"
7,IVG 2400 Reload 4-in-1 Pods,"Cherry, Blueberry, Mango, Grape, Apple, Watermelon, Berry",Edit ▸,https://www.vapehub.co.uk/ivg-2400-reload-4-in-1-pods/,297963,✓,✓,✓,✓,,✓,✓,,✓,45,Cherry: Cherry Edition | Blueberry: Blueberry Edition | Mango: Mango Edition | Grape: Grape Edition | Apple: Apple Edition | Watermelon: Watermelon Edition | Berry: Berry Edition
7,IVG Intense Salts,"Cherry, Mango, Grape, Blue Raspberry, Apple, Watermelon, Berry",Edit ▸,https://www.vapehub.co.uk/ivg-intense-salts-e-liquid/,299882,✓,,✓,✓,✓,✓,✓,,✓,30,"Cherry: Fizzy Cherry, Strawberry Raspberry Cherry | Mango: Triple Mango | Grape: Grape Ice | Blue Raspberry: Blue Raspberry, Blue Razz Lemonade | Apple: Sour Green Apple | Watermelon: Strawberry Watermelon, Watermelon Ice | Berry: Forest Berries Ice, Riberry Lemonade"
7,IVG Pro 12 Prefilled Pods and Refills,"Cherry, Blueberry, Mango, Grape, Blue Raspberry, Apple, Watermelon",Edit ▸,https://www.vapehub.co.uk/ivg-pro-12-prefilled-pods-refills/,243476,✓,✓,✓,✓,✓,✓,✓,,,32,"Cherry: Fizzy Cherry, Strawberry Raspberry Cherry, Cherry Ice, Sour Cherry Watermelon | Blueberry: Blueberry Mint | Mango: Double Mango | Grape: Grape Ice | Blue Raspberry: Blue Raspberry Ice, Blue Razz Retro | Apple: Double Apple | Watermelon: Strawberry Watermelon, Sour Cherry Watermelon"
7,IVG Pro 12 Starter Kit,"Cherry, Blueberry, Mango, Blue Raspberry, Apple, Watermelon, Berry",Edit ▸,https://www.vapehub.co.uk/ivg-pro-12-starter-kit/,243060,✓,✓,✓,,✓,✓,✓,,✓,37,"Cherry: Fizzy Cherry, Strawberry Raspberry Cherry, Cherry Ice, Sour Cherry Watermelon | Blueberry: Blueberry Mint, Blueberry Raspberry, Blueberry Cherry Raspberry | Mango: Double Mango | Blue Raspberry: Blue Raspberry Ice, Blue Razz Retro | Apple: Double Apple | Watermelon: Strawberry Watermelon, Sour Cherry Watermelon | Berry: Mixed Berry"
7,IVG Smart Max Refill Pack,"Cherry, Blueberry, Mango, Grape, Blue Raspberry, Apple, Watermelon",Edit ▸,https://www.vapehub.co.uk/ivg-smart-max-refill-pack/,288255,✓,✓,✓,✓,✓,✓,✓,,,19,"Cherry: Fizzy Cherry, Strawberry Raspberry Cherry | Blueberry: Blueberry Raspberry | Mango: Triple Mango | Grape: Grape | Blue Raspberry: Blue Raspberry Ice, Blue Razz Lemonade | Apple: Green Apple | Watermelon: Frozen Watermelon, Watermelon Strawberry"
7,IVG Smart Max Vape Kit,"Cherry, Blueberry, Mango, Grape, Blue Raspberry, Apple, Watermelon",Edit ▸,https://www.vapehub.co.uk/ivg-smart-max-vape-kit/,277789,✓,✓,✓,✓,✓,✓,✓,,,20,"Cherry: Frozen Cherry, Fizzy Cherry, Strawberry Raspberry Cherry | Blueberry: Blueberry Raspberry | Mango: Triple Mango | Grape: Grape | Blue Raspberry: Blue Raspberry Ice, Blue Razz Lemonade | Apple: Green Apple | Watermelon: Watermelon Strawberry, Frozen Watermelon"
7,Lost Mary 4 in 1 Rechargeable Pod Kit,"Cherry, Blueberry, Mango, Grape, Blue Raspberry, Apple, Berry",Edit ▸,https://www.vapehub.co.uk/lost-mary-4in1-rechargeable-pod-kit/,169216,✓,✓,✓,✓,✓,✓,,,✓,18,"Cherry: Blue Razz Cherry, Cherry Ice | Blueberry: Blueberry, Blueberry Sour Raspberry | Mango: Triple Mango | Grape: Grape | Blue Raspberry: Blue Razz Cherry | Apple: Berry Apple Peach, Double Apple | Berry: Berry Apple Peach, Berry Edition (4 in 1)"
7,Oxva Ox Passion Nic Salt E-Liquid,"Cherry, Blueberry, Mango, Grape, Blue Raspberry, Candy, Berry",Edit ▸,https://www.vapehub.co.uk/ox-passion-nic-salt-e-liquid-by-oxva/,143576,✓,✓,✓,✓,✓,,,✓,✓,20,"Cherry: Cherry Fizz, Cherry Peach Lemon, Strawberry Raspberry Cherry | Blueberry: Blueberry Pom | Mango: Triple Mango | Grape: Mixed Grapes | Blue Raspberry: Blue Razz Gummy | Candy: Blue Razz Gummy | Berry: Berries Burst, Berry Lemon"
7,SKE Bar 15K Prefilled Pod Kit,"Cherry, Blueberry, Mango, Grape, Blue Raspberry, Watermelon, Berry",Edit ▸,https://www.vapehub.co.uk/ske-bar-15k-prefilled-pod-kit/,365870,✓,✓,✓,✓,✓,,✓,,✓,32,"Cherry: Cherry Ice, Fizzy Cherry, Blueberry Cherry Cranberry, Cherry Berry | Blueberry: Blueberry Lime, Blueberry Raspberries, Blueberry Sour Raspberry, Blueberry Cherry Cranberry | Mango: Triple Mango | Grape: Grape Ice | Blue Raspberry: Blue Razz Lemonade | Watermelon: Watermelon Ice, Watermelon Strawberry | Berry: Blueberry Raspberries, Melon Berry, Berry Ice, Cherry Berry"
7,SKE Bar 15K Prefilled Pods,"Cherry, Blueberry, Mango, Grape, Blue Raspberry, Watermelon, Berry",Edit ▸,https://www.vapehub.co.uk/ske-bar-15k-prefilled-pods/,365913,✓,✓,✓,✓,✓,,✓,,✓,32,"Cherry: Cherry Ice, Fizzy Cherry, Blueberry Cherry Cranberry, Strawberry Raspberry Cherry | Blueberry: Blueberry Lime, Blueberry Raspberries, Blueberry Sour Raspberry, Blueberry Cherry Cranberry | Mango: Triple Mango | Grape: Grape Ice | Blue Raspberry: Blue Razz Lemonade | Watermelon: Watermelon Ice, Watermelon Strawberry | Berry: Blueberry Raspberries, Melon Berry, Berry Ice, Cherry Berry"
7,SKE Crystal Nic Salts E Liquid,"Cherry, Blueberry, Mango, Blue Raspberry, Watermelon, Candy, Berry",Edit ▸,https://www.vapehub.co.uk/ske-crystal-nic-salts/,13744,✓,✓,✓,,✓,,✓,✓,✓,30,"Cherry: Cherry Ice, Fizzy Cherry, Watermelon Cherry, Blueberry Cherry Cranberry | Blueberry: Blueberry Raspberries, Blueberry Sour Raspberry, Blueberry Peach Ice, Blueberry Cherry Cranberry | Mango: Pineapple Peach Mango, Triple Mango | Blue Raspberry: Blue Razz Lemonade, Blue Razz Gummy | Watermelon: Watermelon Ice, Watermelon Cherry, Watermelon Strawberry | Candy: Blue Razz Gummy | Berry: Blueberry Raspberries, Berry"
6,Bloody Bar Pod Twist 20K Vape Kit,"Cherry, Blueberry, Mango, Blue Raspberry, Watermelon, Berry",Edit ▸,https://www.vapehub.co.uk/bloody-bar-pod-twist-20k-vape-kit/,303655,✓,✓,✓,,✓,,✓,,✓,14,"Cherry: Blueberry Raspberry/Cherry Ice, Blueberry Sour Raspberry/Strawberry Raspberry Cherry Ice, Cherry Ice/Strawberry Rspberry Cherry Ice, Mr Blue/Blueberry Cherry Cranberry | Blueberry: Blue Razz Ice/Blueberry Raspberry, Blueberry Raspberry/Cherry Ice, Blueberry Sour Raspberry/Strawberry Raspberry Cherry Ice, Mr Blue/Blueberry Cherry Cranberry | Mango: Strawberry Kiwi/Peach Mango, Triple Mango/Peach Mango | Blue Raspberry: Blue Razz Bear/Bear Mix, Blue Razz Ice/Blueberry Raspberry | Watermelon: Strawberry Watermelon B-Gum/Watermelon Ice, Watermelon Ice/Blueberry Cherry Cranberry | Berry: Cherry Ice/Strawberry Rspberry Cherry Ice"
6,Elf Bar Plus 50 Refill Pack,"Cherry, Blueberry, Mango, Grape, Blue Raspberry, Watermelon",Edit ▸,https://www.vapehub.co.uk/elf-bar-plus-50-refill-pack/,344457,✓,✓,✓,✓,✓,,✓,,,15,"Cherry: Cherry, Strawberry Raspberry Cherry Ice | Blueberry: Blueberry, Blueberry Sour Raspberry | Mango: Mango | Grape: Grape | Blue Raspberry: Blue Razz Lemonade | Watermelon: Watermelon"
6,FEOBA Pro 6000 Pod Kit,"Cherry, Blueberry, Mango, Blue Raspberry, Watermelon, Candy",Edit ▸,https://www.vapehub.co.uk/feoba-pro-6000-disposable-vape/,251150,✓,✓,✓,,✓,,✓,✓,,18,"Cherry: Blue Razz Cherry, Blueberry Cherry Cranberry, Cherry Ice, Fizzy Cherry | Blueberry: Blueberry Cherry Cranberry, Blueberry Ice, Blueberry Sour Raspberry | Mango: Triple Mango | Blue Raspberry: Blue Razz Cherry, Blue Razz Lemonade | Watermelon: Strawberry Watermelon, Watermelon Cherry, Watermelon Ice, Watermelon Raspberry | Candy: Gummy Bear"
6,FEOBA Pro 6000 Prefilled Pods,"Cherry, Blueberry, Mango, Blue Raspberry, Watermelon, Candy",Edit ▸,https://www.vapehub.co.uk/feoba-pro-6000-prefilled-pods/,300832,✓,✓,✓,,✓,,✓,✓,,18,"Cherry: Blue Razz Cherry, Cherry Ice, Fizzy Cherry, Watermelon Cherry | Blueberry: Blueberry Ice, Blueberry Sour Raspberry | Mango: Triple Mango | Blue Raspberry: Blue Razz Cherry, Blue Razz Lemonade | Watermelon: Watermelon Cherry, Watermelon Ice | Candy: Gummy Bear"
6,Fumot Mate Pod Refill Pack,"Cherry, Blueberry, Blue Raspberry, Watermelon, Candy, Berry",Edit ▸,https://www.vapehub.co.uk/fumot-mate-pod-refill-pack/,335831,✓,✓,,,✓,,✓,✓,✓,18,"Cherry: Fizzy Cherry, Blue Razz Cherry, Cherry Berry, Strawberry Raspberry Cherry Ice | Blueberry: Blueberry Ice, Blueberry Raspberry, Strawberry Raspberry Blueberry | Blue Raspberry: Blue Razz Cherry, Blue Razz Gummy | Watermelon: Watermelon Ice | Candy: Skittles, Blue Razz Gummy | Berry: Cherry Berry"
6,Hawcos x Lost Mary Pro Max 7000 Refill Pack,"Cherry, Blueberry, Grape, Blue Raspberry, Watermelon, Berry",Edit ▸,https://www.vapehub.co.uk/hawcos-x-lost-mary-pro-max-7000-refill-pack/,302302,✓,✓,,✓,✓,,✓,,✓,14,"Cherry: Cherry Cola, Strawberry Raspberry Cherry Ice | Blueberry: Blueberry Razz Gami, Blueberry Sour Raspberry | Grape: Summer Dream Grape | Blue Raspberry: Blue Razz Lemonade | Watermelon: Watermelon Ice | Berry: Berry Fusion"
6,Hayati Rubik Pods and Refills,"Cherry, Blueberry, Mango, Blue Raspberry, Apple, Watermelon",Edit ▸,https://www.vapehub.co.uk/hayati-rubik-pods-and-refills/,318746,✓,✓,✓,,✓,✓,✓,,,20,"Cherry: Blue Razz Cherry, Blueberry Cherry Cranberry | Blueberry: Blueberry Cherry Cranberry, Blueberry Raspberry | Mango: Triple Mango | Blue Raspberry: Blue Razz Cherry, Blue Razz GB | Apple: Red Apple Ice | Watermelon: Watermelon Ice"
6,Hyola Ultra 30K Prefilled Pod Kit,"Cherry, Blueberry, Blue Raspberry, Watermelon, Candy, Berry",Edit ▸,https://www.vapehub.co.uk/hyola-ultra-30k-prefilled-pod-kit/,294941,✓,✓,,,✓,,✓,✓,✓,27,"Cherry: Cherry Edition, Blue Razz Cherry, Strawberry Raspberry Cherry | Blueberry: Blueberry Raspberry | Blue Raspberry: Blue Razz Edition, Blue Razz Cherry | Watermelon: Watermelon Edition | Candy: Gummy Edition | Berry: Berry Edition"
6,Hyola Ultra 30K Refill Packs,"Cherry, Blueberry, Blue Raspberry, Watermelon, Candy, Berry",Edit ▸,https://www.vapehub.co.uk/hyola-ultra-30k-refill-pack-pod/,296244,✓,✓,,,✓,,✓,✓,✓,31,"Cherry: Cherry Edition, Blue Razz Cherry, Strawberry Raspberry Cherry | Blueberry: Blueberry Raspberry | Blue Raspberry: Blue Razz Edition, Blue Razz Cherry | Watermelon: Watermelon Edition | Candy: Gummy Edition | Berry: Berry Edition, Berry Mix Edition"
6,Ivg Air Pods,"Cherry, Mango, Grape, Blue Raspberry, Apple, Watermelon",,https://www.vapehub.co.uk/ivg-air-pods/,,✓,,✓,✓,✓,✓,✓,,,27,"Cherry: Blue Raspberry Cherry, Fizzy Cherry, Lemon Cherry Ice, Lemon Cherry Passionfruit | Mango: Mango Pineapple, Peach Mango Ice | Grape: Grape Ice | Blue Raspberry: Blue Raspberry Cherry, Blue Raspberry Ice, Blue Razz Plum | Apple: Blackcurrant Apple | Watermelon: Sour Watermelon Kiwi, Strawberry Watermelon, Watermelon Ice, Watermelon Lemon"
6,Lost Mary Nera 15K Prefilled Pods,"Cherry, Blueberry, Mango, Grape, Watermelon, Berry",Edit ▸,https://www.vapehub.co.uk/lost-mary-nera-15k-prefilled-pods/,302976,✓,✓,✓,✓,,,✓,,✓,20,"Cherry: Blueberry Cherry Blackberry, Cherry Ice, Sparkling Cherry | Blueberry: Blueberry Cherry Blackberry, Blueberry Raspberry Gami, Blueberry Raspberry Ice, Blueberry Sour Raspberry | Mango: Triple Mango | Grape: Summer Grape | Watermelon: Raspberry Watermelon, Strawberry Watermelon, Watermelon Ice | Berry: Berry Mix"
6,Maryliq Nic Salts E-Liquid by Lost Mary,"Cherry, Blueberry, Mango, Apple, Watermelon, Berry",Edit ▸,https://www.vapehub.co.uk/maryliq-nic-salts-by-lost-mary/,71904,✓,✓,✓,,,✓,✓,,✓,25,"Cherry: Cherry Ice, Cherry Lemon Mint, Red Cherry | Blueberry: Blueberry Sour Raspberry, Blueberry Watermelon Lemonade | Mango: Pineapple Mango, Triple Mango | Apple: Blackcurrant Apple, Double Apple | Watermelon: Blueberry Watermelon Lemonade, Peach Strawberry Watermelon Ice, Watermelon Ice | Berry: Triple Berry Ice"
6,SKE 30K Pro Max Pods,"Cherry, Blueberry, Blue Raspberry, Watermelon, Candy, Berry",Edit ▸,https://www.vapehub.co.uk/ske-30k-pro-max-pods/,333270,✓,✓,,,✓,,✓,✓,✓,27,"Cherry: Blueberry Cherry Cranberry, Bubbly Cherry, Cherry Ice, Cherry Edition | Blueberry: Blueberry Cherry Cranberry, Blueberry Raspberry | Blue Raspberry: Blue Razz Lemonade | Watermelon: Watermelon Ice, Watermelon Strawberry, Watermelon Edition | Candy: Bubblegum Edition | Berry: Mixed Berries, Berry Edition"
6,Titan X Prefilled Vape Kit,"Cherry, Blueberry, Blue Raspberry, Apple, Watermelon, Berry",Edit ▸,https://www.vapehub.co.uk/titan-x-prefilled-vape-kit/,296747,✓,✓,,,✓,✓,✓,,✓,15,"Cherry: Cherry Fizz, Strawberry Raspberry Cherry | Blueberry: Blueberry Sour Razz | Blue Raspberry: Blue Raspberry | Apple: Sour Apple | Watermelon: Strawberry Kiwi Watermelon, Watermelon Ice | Berry: Triple Berry"
6,Titan X Refill Pack Replacement Pods,"Cherry, Blueberry, Blue Raspberry, Apple, Watermelon, Berry",Edit ▸,https://www.vapehub.co.uk/titan-x-refill-pack-replacement-pods/,305729,✓,✓,,,✓,✓,✓,,✓,15,"Cherry: Cherry Fizz, Strawberry Raspberry Cherry | Blueberry: Blueberry Sour Razz | Blue Raspberry: Blue Raspberry | Apple: Sour Apple | Watermelon: Strawberry Kiwi Watermelon, Watermelon Ice | Berry: Triple Berry"
6,Zeus Juice Bar Liq Nic Salts,"Cherry, Blueberry, Grape, Watermelon, Candy, Berry",Edit ▸,https://www.vapehub.co.uk/zeus-juice-bar-liq-nic-salts/,250498,✓,✓,,✓,,,✓,✓,✓,10,Cherry: Fizzy Cherry | Blueberry: Blueberry Sour Razz | Grape: Grape Ice | Watermelon: Watermelon Bubblegum | Candy: Watermelon Bubblegum | Berry: Berry Lemonade
5,Angel Nic Salts by Vapes Bars,"Cherry, Mango, Grape, Watermelon, Berry",Edit ▸,https://www.vapehub.co.uk/angel-nic-salts-by-vapes-bars/,266961,✓,,✓,✓,,,✓,,✓,10,Cherry: Fizzy Cherry Ice | Mango: Mango Magic | Grape: Grape Ice | Watermelon: Watermelon Ice | Berry: Berry Burst
5,Fumot Mate Pod Prefilled Pod Kit,"Cherry, Blueberry, Blue Raspberry, Watermelon, Berry",Edit ▸,https://www.vapehub.co.uk/fumot-mate-pod-prefilled-pod-kit/,304251,✓,✓,,,✓,,✓,,✓,20,"Cherry: Fizzy Cherry, Blue Razz Cherry, Cherry Berry, Strawberry Raspberry Cherry Ice | Blueberry: Blueberry Ice, Blueberry Raspberry, Strawberry Raspberry Blueberry | Blue Raspberry: Blue Razz Lemonade, Blue Razz Cherry, Blue Razz Gami | Watermelon: Watermelon Ice | Berry: Cherry Berry"
5,Hayati Pro Ultra Plus Shisha 30K Pods,"Blueberry, Grape, Apple, Watermelon, Candy",Edit ▸,https://www.vapehub.co.uk/hayati-pro-ultra-plus-shisha-30k-pods/,365636,,✓,,✓,,✓,✓,✓,,20,"Blueberry: Blue Slush & Raspberry/Vim Frozen Blueberry, Frozen Blueberry Raspberry/Frozen Apple Raspberry, Grape and Mint/Blueberry and Mint, Vim Frozen Blueberry/Vim Frozen Blueberry | Grape: Apple Mint Grape/Peach Grape Mint, Grape and Mint/Blueberry and Mint, Grape and Mint/Grape and Mint | Apple: Apple Mint Grape/Peach Grape Mint, Double Apple/Double Apple, Double Apple/Rainbow Frozen Apple, Frozen Blueberry Raspberry/Frozen Apple Raspberry | Watermelon: Gum and Mint/Watermelon Bubblegum, Strawberry Laces/Strawberry Watermelon, Watermelon Ice/Peach Ice | Candy: Gum and Mint/Watermelon Bubblegum"
5,Hayati Pro Ultra Plus Shisha 30K Prefilled Pod Kit,"Blueberry, Grape, Apple, Watermelon, Candy",Edit ▸,https://www.vapehub.co.uk/hayati-pro-ultra-plus-shisha-30k-pod-kit/,363922,,✓,,✓,,✓,✓,✓,,20,"Blueberry: Blue Slush & Raspberry/Vim Frozen Blueberry, Frozen Blueberry Raspberry/Frozen Apple Raspberry, Grape and Mint/Blueberry and Mint, Vim Frozen Blueberry/Vim Frozen Blueberry | Grape: Apple Mint Grape/Peach Grape Mint, Grape and Mint/Blueberry and Mint, Grape and Mint/Grape and Mint | Apple: Apple Mint Grape/Peach Grape Mint, Double Apple/Double Apple, Double Apple/Skittles Frozen Apple, Frozen Blueberry Raspberry/Frozen Apple Raspberry | Watermelon: Gum and Mint/Watermelon Bubblegum, Strawberry Laces/Strawberry Watermelon, Watermelon Ice/Peach Ice | Candy: Double Apple/Skittles Frozen Apple, Gum and Mint/Watermelon Bubblegum"
5,IVG XL 35K Pods,"Cherry, Grape, Blue Raspberry, Apple, Watermelon",Edit ▸,https://www.vapehub.co.uk/ivg-xl-35k-pods/,349174,✓,,,✓,✓,✓,✓,,,15,"Cherry: Cherry Peach Lemon, Fizzy Cherry, Strawberry Raspberry Cherry | Grape: Retro Grape | Blue Raspberry: Blue Raspberry Ice | Apple: Green Apple | Watermelon: Watermelon Strawberry"
5,IVG XL 35K Prefilled Pod Kit,"Cherry, Grape, Blue Raspberry, Apple, Watermelon",Edit ▸,https://www.vapehub.co.uk/ivg-xl-35k-prefilled-pod-kit/,348656,✓,,,✓,✓,✓,✓,,,15,"Cherry: Cherry Peach Lemon, Fizzy Cherry, Strawberry Raspberry Cherry | Grape: Retro Grape | Blue Raspberry: Blue Raspberry Ice | Apple: Green Apple | Watermelon: Watermelon Strawberry"
5,Lost Mary Nera 30k Fullview Prefilled Pod Kit,"Cherry, Blueberry, Mango, Watermelon, Berry",Edit ▸,https://www.vapehub.co.uk/lost-mary-nera-30k-fullview-pod-kit/,264658,✓,✓,✓,,,,✓,,✓,14,"Cherry: Cherry Edition | Blueberry: Blueberry Edition, Blueberry Sour Raspberry | Mango: Triple Mango | Watermelon: Watermelon Edition | Berry: Berry Edition"
5,Lost Mary Nic Salts,"Cherry, Blueberry, Mango, Grape, Watermelon",Edit ▸,https://www.vapehub.co.uk/lost-mary-nic-salts/,366300,✓,✓,✓,✓,,,✓,,,21,"Cherry: Blueberry Cherry Cranberry, Cherry Ice, Cherry Mojito | Blueberry: Blueberry, Blueberry Cherry Cranberry, Blueberry Sour Raspberry | Mango: Triple Mango | Grape: Grape Ice | Watermelon: Watermelon Ice, Watermelon Strawberry"
5,Pyne Pod Click 50K Vape Kit,"Cherry, Mango, Grape, Apple, Berry",Edit ▸,https://www.vapehub.co.uk/pyne-pod-click-50k-vape-kit/,300714,✓,,✓,✓,,✓,,,✓,22,Cherry: Cherry Edition | Mango: Mango Edition | Grape: Grape Edition | Apple: Apple Edition | Berry: Berry Edition
5,Pyne Pod Click Prefilled Pods,"Cherry, Blueberry, Mango, Watermelon, Candy",Edit ▸,https://www.vapehub.co.uk/pyne-pod-click-prefilled-pods/,310207,✓,✓,✓,,,,✓,✓,,20,"Cherry: Cherry Ice, Fizzy Cherry, Sour Cherry Raspberry Ice | Blueberry: Blueberry Raspberry, Blueberry Raspberry Lemonade | Mango: Mango Passion Fruit, Mango Strawberry Peach | Watermelon: Strawberry Watermelon, Watermelon Ice | Candy: White Gummy Bear"
5,SKE 30K Pro Max Prefilled Pod Kit,"Cherry, Blueberry, Blue Raspberry, Watermelon, Berry",Edit ▸,https://www.vapehub.co.uk/ske-30k-pro-max-prefilled-pod-kit/,332639,✓,✓,,,✓,,✓,,✓,20,"Cherry: Bubble Cherry, Cherry Ice, Cherry Edition | Blueberry: Blueberry Raspberry | Blue Raspberry: Blue Razz Lemonade | Watermelon: Watermelon Ice, Watermelon Edition | Berry: Berry Edition"
5,SKE 600 Pro Prefilled Pod Kit,"Cherry, Blueberry, Blue Raspberry, Watermelon, Berry",Edit ▸,https://www.vapehub.co.uk/ske-600-pro-prefilled-pod-kit/,248971,✓,✓,,,✓,,✓,,✓,15,"Cherry: Cherry Ice, Fizzy Cherry | Blueberry: Blueberry Raspberries, Blueberry Sour Raspberry | Blue Raspberry: Blue Razz Lemonade | Watermelon: Watermelon Ice | Berry: Berry Ice, Blueberry Raspberries"
5,SKE 600 Pro Replacement Pods,"Cherry, Blueberry, Blue Raspberry, Watermelon, Berry",Edit ▸,https://www.vapehub.co.uk/ske-600-pro-replacement-pods/,260878,✓,✓,,,✓,,✓,,✓,15,"Cherry: Cherry Ice, Fizzy Cherry | Blueberry: Blueberry Raspberries, Blueberry Sour Raspberry | Blue Raspberry: Blue Razz Lemonade | Watermelon: Watermelon Ice | Berry: Berry Ice, Blueberry Raspberries"
5,SKE Crystal CL6000 Prefilled Pods and Refill Containers,"Cherry, Blueberry, Blue Raspberry, Watermelon, Berry",Edit ▸,https://www.vapehub.co.uk/ske-crystal-cl6000-prefilled-pods/,240258,✓,✓,,,✓,,✓,,✓,10,"Cherry: Cherry Ice, Fizzy Cherry | Blueberry: Blueberry Raspberries, Blueberry Sour Raspberry | Blue Raspberry: Blue Razz Lemonade | Watermelon: Watermelon Ice | Berry: Blueberry Raspberries"
5,SKE Crystal CL6000 Vape Kit,"Cherry, Blueberry, Blue Raspberry, Watermelon, Berry",Edit ▸,https://www.vapehub.co.uk/ske-crystal-cl6000-disposable-vape/,199813,✓,✓,,,✓,,✓,,✓,10,"Cherry: Cherry Ice, Fizzy Cherry | Blueberry: Blueberry Raspberries, Blueberry Sour Raspberry | Blue Raspberry: Blue Razz Lemonade | Watermelon: Watermelon Ice | Berry: Blueberry Raspberries"
5,VNSN Quake 10000 Prefilled Pod Kit,"Mango, Grape, Blue Raspberry, Watermelon, Candy",Edit ▸,https://www.vapehub.co.uk/vnsn-quake-10000-prefilled-pod-kit/,344620,,,✓,✓,✓,,✓,✓,,12,Mango: Mango Peach Pineapple | Grape: Grape Ice | Blue Raspberry: Blue Razz Gummy Bear | Watermelon: Strawberry Watermelon Ice | Candy: Blue Razz Gummy Bear
4,Crystal Prime Nic Salts,"Cherry, Blueberry, Watermelon, Candy",Edit ▸,https://www.vapehub.co.uk/crystal-prime-nic-salts/,279345,✓,✓,,,,,✓,✓,,12,"Cherry: Blueberry Cherry Cranberry, Cherry Ice, Fizzy Cherry, Strawberry Raspberry Cherry Ice | Blueberry: Blueberry Cherry Cranberry, Blueberry Raspberry | Watermelon: Watermelon Ice | Candy: Gummy Bear"
4,Doozy Mix Salts,"Blue Raspberry, Apple, Candy, Berry",,https://www.vapehub.co.uk/doozy-mix-salts/,,,,,,✓,✓,,✓,✓,6,"Blue Raspberry: Sour Blue Raspberry Apple | Apple: Sour Blue Raspberry Apple | Candy: Bubblegum, Gummy Bear | Berry: Mixed Berries"
4,Dr Frost Arctic Edition Shortfill E-Liquid,"Cherry, Blueberry, Mango, Apple",Edit ▸,https://www.vapehub.co.uk/dr-frost-arctic-edition-shortfill-e-liquid/,214999,✓,✓,✓,,,✓,,,,8,Cherry: Cherry Cola Ice | Blueberry: Blueberry Raspberry Ice | Mango: Mango Pineapple Ice | Apple: Apple Black Honeydew Ice
4,ELF BAR Dual 10K Prefilled Pod Kit,"Cherry, Blueberry, Grape, Watermelon",Edit ▸,https://www.vapehub.co.uk/elf-bar-dual-10k-prefilled-pod-kit/,235672,✓,✓,,✓,,,✓,,,20,Cherry: Cherry Edition | Blueberry: Blueberry Edition | Grape: Grape Edition | Watermelon: Watermelon Edition
4,Gold Bar Apollo Prefilled Pod Kit,"Cherry, Blue Raspberry, Apple, Watermelon",Edit ▸,https://www.vapehub.co.uk/gold-bar-apollo-prefilled-pod-kit/,232321,✓,,,,✓,✓,✓,,,8,"Cherry: Cherry Fizz | Blue Raspberry: Blue Raspberry | Apple: Sour Apple | Watermelon: Pineapple Watermelon Lemonade, Watermelon Ice"
4,Hayati Pro Max Shisha Nic Salts,"Blueberry, Grape, Apple, Watermelon",Edit ▸,https://www.vapehub.co.uk/hayati-pro-max-shisha-nic-salts/,374606,,✓,,✓,,✓,✓,,,32,"Blueberry: Blueberry & Mint, Frozen Blueberry Raspberry, Vim Frozen Blueberry | Grape: Apple Mint Grape, Grape & Mint, Peach Grape Mint | Apple: Apple Mint Grape, Double Apple, Frozen Apple Raspberry, Fruit Twist Frozen Apple | Watermelon: Strawberry Watermelon, Watermelon B' Gum, Watermelon Ice"
4,IVG 70/30 Shortfill E-Liquid 100ml,"Blue Raspberry, Watermelon, Candy, Berry",Edit ▸,https://www.vapehub.co.uk/ivg-70-30-shortfill-e-liquid-100ml/,362110,,,,,✓,,✓,✓,✓,12,"Blue Raspberry: Blue Raspberry Ice | Watermelon: Strawberry Watermelon | Candy: Bubblegum | Berry: Riberry Lemonade, Forest Berries Ice"
4,Seriously Fruity Shortfill E-Liquid By Doozy,"Mango, Blue Raspberry, Apple, Berry",Edit ▸,https://www.vapehub.co.uk/seriously-fruity-shortfill-e-liquid-by-doozy/,232709,,,✓,,✓,✓,,,✓,6,Mango: Mango Orange | Blue Raspberry: Blue Razz Berry | Apple: Apple Raspberry | Berry: Blue Razz Berry
4,Seriously Fusionz Shortfill E-Liquid By Doozy,"Cherry, Grape, Watermelon, Berry",Edit ▸,https://www.vapehub.co.uk/seriously-fusionz-shortfill-e-liquid-by-doozy/,233034,✓,,,✓,,,✓,,✓,6,Cherry: Cherry Sour Raspberry | Grape: Fantasia Grape | Watermelon: Strawberry Watermelon Ice | Berry: Triple Berry Ice
4,Seriously Tropical Nic Salts by Doozy,"Cherry, Mango, Apple, Watermelon",Edit ▸,https://www.vapehub.co.uk/seriously-tropical-nic-salts-by-doozy/,211951,✓,,✓,,,✓,✓,,,6,Cherry: Cherry Passion | Mango: Mango Banana | Apple: Watermelon Apple Ice | Watermelon: Watermelon Apple Ice
4,SKE Crystal Plus Prefilled Pods,"Cherry, Blueberry, Blue Raspberry, Watermelon",Edit ▸,https://www.vapehub.co.uk/ske-crystal-plus-pods/,42147,✓,✓,,,✓,,✓,,,9,"Cherry: Cherry Strawberry Raspberry, Blueberry Cherry Blackberry, Cherry Ice | Blueberry: Blueberry Raspberry, Blueberry Sour Raspberry, Blueberry Cherry Blackberry | Blue Raspberry: Blue Razz Lemonade | Watermelon: Watermelon Ice"
4,Vampire Vape 10K Prefilled Pod Kit,"Cherry, Blueberry, Apple, Watermelon",Edit ▸,https://www.vapehub.co.uk/vampire-vape-10k-prefilled-pod-kit/,378879,✓,✓,,,,✓,✓,,,9,"Cherry: Sweet and Sour Cherry | Blueberry: Blueberry Sour Raspberry | Apple: Raspberry Apple Juice | Watermelon: Watermelon Ice, Dragon Fruit Watermelon Smoothie"
4,Vampire Vape 10k Prefilled Pods,"Cherry, Blueberry, Apple, Watermelon",Edit ▸,https://www.vapehub.co.uk/vampire-vape-10k-prefilled-pods/,378880,✓,✓,,,,✓,✓,,,10,"Cherry: Sweet and Sour Cherry | Blueberry: Blueberry Sour Raspberry | Apple: Raspberry Apple Juice | Watermelon: Watermelon Ice, Dragon Fruit Watermelon Smoothie"
3,Aqua Salts Nic Salts E-Liquid,"Cherry, Blue Raspberry, Watermelon",Edit ▸,https://www.vapehub.co.uk/aqua-salts-nic-salts-e-liquid/,209406,✓,,,,✓,,✓,,,10,"Cherry: Cherry Ice, Fizzy Cherry | Blue Raspberry: Blue Raspberry, Blue Razz Lemonade | Watermelon: Watermelon Ice"
3,IVG Bar Favourites Nic Salts,"Mango, Blue Raspberry, Watermelon",Edit ▸,https://www.vapehub.co.uk/ivg-bar-favourites-nic-salts/,40830,,,✓,,✓,,✓,,,8,Mango: Blackcurrant Mango | Blue Raspberry: Blue Razz Lemonade | Watermelon: Watermelon
3,IVG Pro 2 Prefilled Pod Kit,"Cherry, Blue Raspberry, Watermelon",Edit ▸,https://www.vapehub.co.uk/ivg-pro-2-prefilled-pod-kit/,378858,✓,,,,✓,,✓,,,8,Cherry: Fizzy Cherry | Blue Raspberry: Blue Raspberry Ice | Watermelon: Strawberry Watermelon
3,OXVA Slim Stick Prefilled Pods,"Cherry, Blueberry, Watermelon",Edit ▸,https://www.vapehub.co.uk/oxva-slim-stick-prefilled-pods/,378887,✓,✓,,,,,✓,,,11,Cherry: Strawberry Raspberry Cherry | Blueberry: Blueberry | Watermelon: Watermelon
3,Pukka Juice Nic Salts,"Cherry, Apple, Berry",Edit ▸,https://www.vapehub.co.uk/pukka-juice-nic-salts/,23995,✓,,,,,✓,,,✓,11,Cherry: Cherry Blaze | Apple: Blackcurrant Fuji Apple | Berry: Berry Blaze
3,RELX MAXGO Combo 33K Prefilled Vape Kit,"Cherry, Blueberry, Watermelon",Edit ▸,https://www.vapehub.co.uk/relx-maxgo-combo-33k-vape-kit/,294061,✓,✓,,,,,✓,,,9,"Cherry: Cherry Ice/Blueberry Raspberry, Pineapple Ice/Strawberry Raspberry Cherry, Sweet Strawberry/Strawberry Raspberry Cherry, Cherry Blast/Blueberry Cherry Cranberry | Blueberry: Blueberry Raspberry/Lemon Lime, Cherry Ice/Blueberry Raspberry, Watermelon Ice/Blueberry Sour Raspberry, Cherry Blast/Blueberry Cherry Cranberry | Watermelon: Watermelon Ice/Blueberry Sour Raspberry, Cool Mint/Watermelon Breeze"
2,Elf Bar Dual 10K Refill Pack,"Grape, Watermelon",Edit ▸,https://www.vapehub.co.uk/elf-bar-dual-10k-refill-pack/,298224,,,,✓,,,✓,,,17,Grape: Grape Edition | Watermelon: Watermelon Edition
2,IVG Nic Salt E-Liquid,"Mango, Grape",Edit ▸,https://www.vapehub.co.uk/ivg-nic-salts/,23065,,,✓,✓,,,,,,13,"Mango: Fresh Mango, Frozen Mango, Mango Peach | Grape: Aloe Grape"
1,Aura Bar Twist 40K Vape Kit,Apple,Edit ▸,https://www.vapehub.co.uk/aura-bar-twist-40k-vape-kit/,322129,,,,,,✓,,,,2,Apple: Slapple/Black Mamba
1,Elf Bar Plus 50 Prefilled Pod Kit,Cherry,Edit ▸,https://www.vapehub.co.uk/elf-bar-plus-50-prefilled-pod-kit/,342566,✓,,,,,,,,,15,Cherry: Cherry Edition
1,Relx MaxGo Pro 22 Pod Vape Kit,Candy,Edit ▸,https://www.vapehub.co.uk/relx-maxgo-pro-22k-vape-kit/,293426,,,,,,,,✓,,1,Candy: Pomegranate Sour Gummy
1,Seriously Donuts Shortfill E-Liquid By Doozy,Apple,Edit ▸,https://www.vapehub.co.uk/seriously-donuts-shortfill-e-liquid-by-doozy/,233579,,,,,,✓,,,,6,Apple: Apple Fritter
1,Seriously Pod Fill Shortfill E-Liquid By Doozy,Watermelon,Edit ▸,https://www.vapehub.co.uk/seriously-pod-fill-shortfill-e-liquid-by-doozy/,233275,,,,,,,✓,,,8,Watermelon: Watermelon Lemonade
1,Seriously Soda Nic Salts E-Liquid by Doozy,Blue Raspberry,Edit ▸,https://www.vapehub.co.uk/seriously-soda-nic-salts-by-doozy/,35877,,,,,✓,,,,,6,Blue Raspberry: Blue Razz Lemonade